location,continent,date,population,total_cases,new_cases,total_deaths,new_deaths,total_vaccinations,people_fully_vaccinated_per_hundred,total_cases_per_million,total_deaths_per_million,case_fatality_rate,total_cases_M,total_deaths_M
Afghanistan,Asia,2024-08-04,41128772,235214.0,0.0,7998.0,0.0,22964750.0,44.67,5796.47,197.1,3.4,0.235,0.008
Albania,Europe,2024-08-04,2842318,335047.0,0.0,3605.0,0.0,3088966.0,45.01,118491.02,1274.93,1.08,0.335,0.004
Algeria,Africa,2024-08-04,44903228,272139.0,18.0,6881.0,0.0,15267442.0,14.43,5984.05,151.31,2.53,0.272,0.007
American Samoa,Oceania,2024-08-04,44295,8359.0,0.0,34.0,0.0,,,172831.6,702.99,0.41,0.008,0.0
Andorra,Europe,2024-08-04,79843,48015.0,0.0,159.0,0.0,157072.0,67.01,602280.44,1994.43,0.33,0.048,0.0
Angola,Africa,2024-08-04,35588996,107481.0,0.0,1937.0,0.0,27819132.0,27.0,3016.16,54.36,1.8,0.107,0.002
Anguilla,North America,2024-08-04,15877,3904.0,0.0,12.0,0.0,24604.0,65.38,274890.88,844.95,0.31,0.004,0.0
Antigua and Barbuda,North America,2024-08-04,93772,9106.0,0.0,146.0,0.0,136512.0,66.53,98071.1,1572.41,1.6,0.009,0.0
Argentina,South America,2024-08-04,45510324,10101218.0,54.0,130663.0,1.0,116978521.0,76.69,222455.06,2877.54,1.29,10.101,0.131
Armenia,Asia,2024-08-04,2780472,452273.0,0.0,8777.0,0.0,2256919.0,37.07,156991.11,3046.64,1.94,0.452,0.009
Aruba,North America,2024-08-04,106459,44224.0,0.0,292.0,0.0,174914.0,79.25,410271.62,2708.92,0.66,0.044,0.0
Australia,Oceania,2024-08-04,26177410,11861161.0,0.0,25236.0,0.0,69686752.0,82.7,452699.0,963.17,0.21,11.861,0.025
Austria,Europe,2024-08-04,8939617,6082444.0,15.0,22534.0,0.0,20468731.0,74.76,671004.9,2485.91,0.37,6.082,0.023
Azerbaijan,Asia,2024-08-04,10358078,835757.0,63.0,10353.0,0.0,13857111.0,46.94,81178.45,1005.6,1.24,0.836,0.01
Bahamas,North America,2024-08-04,409989,39127.0,0.0,849.0,0.0,366359.0,40.73,98421.81,2135.61,2.17,0.039,0.001
Bahrain,Asia,2024-08-04,1472237,696614.0,0.0,1536.0,0.0,3476633.0,83.33,454276.25,1001.66,0.22,0.697,0.002
Bangladesh,Asia,2024-08-04,171186368,2051348.0,40.0,29499.0,0.0,361742554.0,83.07,12110.57,174.15,1.44,2.051,0.029
Barbados,North America,2024-08-04,281646,108582.0,57.0,593.0,0.0,384049.0,55.05,384600.7,2100.42,0.55,0.109,0.001
Belarus,Europe,2024-08-04,9534956,994037.0,0.0,7118.0,0.0,22511000.0,67.28,108362.68,775.95,0.72,0.994,0.007
Belgium,Europe,2024-08-04,11655923,4872829.0,1277.0,34339.0,0.0,31469387.0,78.68,418562.72,2949.63,0.7,4.873,0.034
Belize,North America,2024-08-04,405285,71414.0,0.0,688.0,0.0,510717.0,54.63,177319.92,1708.29,0.96,0.071,0.001
Benin,Africa,2024-08-04,13352864,28036.0,0.0,163.0,0.0,4232541.0,20.54,2037.57,11.85,0.58,0.028,0.0
Bermuda,North America,2024-08-04,64207,18860.0,0.0,165.0,0.0,132042.0,74.22,291175.2,2547.4,0.87,0.019,0.0
Bhutan,Asia,2024-08-04,782457,62697.0,0.0,21.0,0.0,2011426.0,86.61,80286.07,26.89,0.03,0.063,0.0
Bolivia,South America,2024-08-04,12224114,1212147.0,2.0,22387.0,0.0,14690530.0,50.4,100366.93,1853.66,1.85,1.212,0.022
Bonaire Sint Eustatius and Saba,North America,2024-08-04,27052,11922.0,0.0,41.0,0.0,35845.0,61.87,416067.56,1430.86,0.34,0.012,0.0
Bosnia and Herzegovina,Europe,2024-08-04,3233530,403666.0,0.0,16392.0,0.0,1924950.0,26.17,125956.49,5114.82,4.06,0.404,0.016
Botswana,Africa,2024-08-04,2630300,330696.0,0.0,2801.0,0.0,3171667.0,63.24,135536.98,1148.0,0.85,0.331,0.003
Brazil,South America,2024-08-04,215313504,37511921.0,0.0,702116.0,0.0,486436436.0,81.82,178367.94,3338.54,1.87,37.512,0.702
British Virgin Islands,North America,2024-08-04,31332,7557.0,0.0,64.0,0.0,41453.0,58.28,197084.3,1669.1,0.85,0.008,0.0
Brunei,Asia,2024-08-04,449002,347723.0,288.0,179.0,1.0,1293100.0,99.49,763598.6,393.08,0.05,0.348,0.0
Bulgaria,Europe,2024-08-04,6781955,1329988.0,257.0,38700.0,0.0,4726614.0,30.64,194845.4,5669.61,2.91,1.33,0.039
Burkina Faso,Africa,2024-08-04,22673764,22139.0,0.0,400.0,0.0,7893609.0,23.08,983.56,17.77,1.81,0.022,0.0
Burundi,Africa,2024-08-04,12889583,54569.0,0.0,15.0,0.0,42252.0,0.28,4096.43,1.13,0.03,0.055,0.0
Cambodia,Asia,2024-08-04,16767851,139319.0,6.0,3056.0,0.0,47826645.0,87.63,8099.13,177.66,2.19,0.139,0.003
Cameroon,Africa,2024-08-04,27914542,125246.0,0.0,1974.0,0.0,4880572.0,11.45,4532.52,71.44,1.58,0.125,0.002
Canada,North America,2024-08-04,38454328,4819055.0,38.0,55282.0,0.0,102877159.0,82.59,124134.43,1424.01,1.15,4.819,0.055
Cape Verde,Africa,2024-08-04,593162,64474.0,0.0,417.0,0.0,859940.0,52.05,124048.1,802.31,0.65,0.064,0.0
Cayman Islands,North America,2024-08-04,68722,31472.0,0.0,37.0,0.0,152148.0,88.32,439497.84,516.7,0.12,0.031,0.0
Central African Republic,Africa,2024-08-04,5579148,15441.0,0.0,113.0,0.0,3342248.0,44.54,3028.81,22.16,0.73,0.015,0.0
Chad,Africa,2024-08-04,17723312,7702.0,0.0,194.0,0.0,9151765.0,28.33,417.33,10.51,2.52,0.008,0.0
Chile,South America,2024-08-04,19603736,5401126.0,100.0,62730.0,0.0,66864900.0,90.29,276229.6,3208.2,1.16,5.401,0.063
China,Asia,2024-08-04,1425887360,99373219.0,2087.0,122304.0,15.0,3491077000.0,89.54,69726.8,85.82,0.12,99.373,0.122
Colombia,South America,2024-08-04,51874028,6391876.0,976.0,142727.0,0.0,90931192.0,71.72,123543.3,2758.65,2.23,6.392,0.143
Comoros,Africa,2024-08-04,836783,9109.0,0.0,160.0,0.0,835021.0,47.45,10919.55,191.8,1.76,0.009,0.0
Congo,Africa,2024-08-04,5970430,25227.0,0.0,389.0,0.0,833210.0,10.96,4180.04,64.46,1.54,0.025,0.0
Cook Islands,Oceania,2024-08-04,17032,7345.0,1.0,2.0,0.0,40854.0,86.47,498067.4,135.62,0.03,0.007,0.0
Costa Rica,North America,2024-08-04,5180836,1234701.0,0.0,9372.0,0.0,13576935.0,84.35,242966.97,1844.24,0.76,1.235,0.009
Cote d'Ivoire,Africa,2024-08-04,28160548,88434.0,0.0,835.0,0.0,25263932.0,43.2,2909.49,27.47,0.94,0.088,0.001
Croatia,Europe,2024-08-04,4030361,1317144.0,0.0,18752.0,0.0,5374628.0,55.87,337121.47,4799.55,1.42,1.317,0.019
Cuba,North America,2024-08-04,11212198,1113662.0,0.0,8530.0,0.0,45995747.0,89.67,100694.4,771.26,0.77,1.114,0.009
Curacao,North America,2024-08-04,191173,45883.0,0.0,305.0,0.0,260324.0,52.77,247546.55,1645.53,0.66,0.046,0.0
Cyprus,Europe,2024-08-04,896007,696410.0,0.0,1451.0,0.0,1798610.0,72.11,523075.38,1089.85,0.21,0.696,0.001
Czechia,Europe,2024-08-12,10493990,4761919.0,571.0,43509.0,1.0,19047108.0,65.71,446155.97,4076.47,0.91,4.762,0.044
Democratic Republic of Congo,Africa,2024-08-04,99010216,101009.0,0.0,1474.0,0.0,18808671.0,14.54,986.44,14.4,1.46,0.101,0.001
Denmark,Europe,2024-08-04,5882259,3435679.0,0.0,9693.0,0.0,14961517.0,80.11,582032.56,1642.08,0.28,3.436,0.01
Djibouti,Africa,2024-08-04,1120851,15690.0,0.0,189.0,0.0,442199.0,35.79,13798.26,166.21,1.2,0.016,0.0
Dominica,North America,2024-08-04,72758,16047.0,0.0,74.0,0.0,67647.0,42.14,240044.88,1106.96,0.46,0.016,0.0
Dominican Republic,North America,2024-08-04,11228821,661103.0,0.0,4384.0,0.0,16430339.0,54.6,58865.52,390.36,0.66,0.661,0.004
East Timor,Asia,2024-08-04,1341298,23460.0,0.0,138.0,0.0,2028798.0,59.77,17132.85,100.78,0.59,0.023,0.0
Ecuador,South America,2024-08-04,18001002,1077445.0,157.0,36050.0,0.0,39564195.0,79.11,60449.45,2022.56,3.35,1.077,0.036
Egypt,Africa,2024-08-04,110990096,516023.0,0.0,24830.0,0.0,112673535.0,38.15,4582.05,220.48,4.81,0.516,0.025
El Salvador,North America,2024-08-04,6336393,201920.0,3.0,4230.0,0.0,11289175.0,68.56,32151.25,673.53,2.09,0.202,0.004
England,Europe,2023-12-08,56550000,,,,,149398324.0,75.95,,,,,
Equatorial Guinea,Africa,2024-08-04,1674916,17130.0,0.0,183.0,0.0,488738.0,12.78,9497.94,101.47,1.07,0.017,0.0
Eritrea,Africa,2024-08-04,3684041,10189.0,0.0,103.0,0.0,,,2988.46,30.21,1.01,0.01,0.0
Estonia,Europe,2024-08-12,1326064,610471.0,0.0,2998.0,0.0,2171623.0,65.06,452169.94,2220.59,0.49,0.61,0.003
Eswatini,Africa,2024-08-04,1201680,75356.0,0.0,1427.0,0.0,870205.0,35.56,61821.89,1170.71,1.89,0.075,0.001
Ethiopia,Africa,2024-08-04,123379928,501193.0,0.0,7574.0,0.0,68856793.0,35.38,3997.26,60.41,1.51,0.501,0.008
Falkland Islands,South America,2024-08-04,3801,1923.0,0.0,0.0,0.0,4407.0,46.7,547083.94,0.0,0.0,0.002,0.0
Faroe Islands,Europe,2024-08-04,53117,34658.0,0.0,28.0,0.0,103894.0,76.99,641351.6,518.14,0.08,0.035,0.0
Fiji,Oceania,2024-08-04,929769,69047.0,0.0,885.0,0.0,1555182.0,68.96,75097.78,962.56,1.28,0.069,0.001
Finland,Europe,2024-08-04,5540745,1499712.0,0.0,11466.0,0.0,13327120.0,78.46,269281.97,2058.79,0.76,1.5,0.011
France,Europe,2024-08-04,67813000,38997490.0,0.0,168091.0,0.0,154493266.0,78.44,606706.0,2615.09,0.43,38.997,0.168
French Guiana,South America,2024-08-04,304568,98041.0,0.0,413.0,0.0,,,328644.84,1384.42,0.42,0.098,0.0
French Polynesia,Oceania,2024-08-04,306292,79387.0,47.0,650.0,0.0,502952.0,60.99,283131.66,2318.21,0.82,0.079,0.001
Gabon,Africa,2024-08-04,2388997,49051.0,0.0,307.0,0.0,572672.0,10.78,20179.35,126.3,0.63,0.049,0.0
Gambia,Africa,2024-08-04,2705995,12627.0,0.0,372.0,0.0,1444492.0,19.93,4789.35,141.1,2.95,0.013,0.0
Georgia,Asia,2024-08-04,3744385,1863615.0,0.0,17150.0,0.0,2930677.0,34.08,491099.22,4519.36,0.92,1.864,0.017
Germany,Europe,2024-08-04,83369840,38437756.0,0.0,174979.0,0.0,192221468.0,76.24,457123.1,2080.95,0.46,38.438,0.175
Ghana,Africa,2024-08-04,33475870,172062.0,0.0,1462.0,0.0,25624828.0,32.2,5190.54,44.1,0.85,0.172,0.001
Gibraltar,Europe,2024-08-04,32677,20550.0,0.0,113.0,0.0,132810.0,126.89,546092.3,3002.84,0.55,0.021,0.0
Greece,Europe,2024-08-04,10384972,5673681.0,5818.0,39258.0,40.0,22467978.0,73.64,544892.3,3770.28,0.69,5.674,0.039
Greenland,North America,2024-08-04,56494,11971.0,0.0,21.0,0.0,79738.0,68.17,213714.42,374.91,0.18,0.012,0.0
Grenada,North America,2024-08-04,125459,19693.0,0.0,238.0,0.0,90686.0,31.11,168419.88,2035.44,1.21,0.02,0.0
Guadeloupe,North America,2024-08-04,395762,203235.0,0.0,1021.0,0.0,,,528290.6,2654.0,0.5,0.203,0.001
Guam,Oceania,2024-08-04,171783,52287.0,0.0,419.0,0.0,,,316520.7,2536.43,0.8,0.052,0.0
Guatemala,North America,2024-08-04,17843914,1250371.0,1.0,20203.0,0.0,20362104.0,39.94,70057.12,1131.96,1.62,1.25,0.02
Guernsey,Europe,2024-08-04,63329,35326.0,0.0,67.0,0.0,178525.0,83.23,554150.6,1051.01,0.19,0.035,0.0
Guinea,Africa,2024-08-04,13859349,38572.0,0.0,468.0,0.0,12049511.0,42.24,2744.34,33.3,1.21,0.039,0.0
Guinea-Bissau,Africa,2024-08-04,2105580,9614.0,0.0,177.0,0.0,920752.0,26.01,4566.06,84.06,1.84,0.01,0.0
Guyana,South America,2024-08-04,808727,74443.0,4.0,1302.0,0.0,960133.0,47.23,90603.38,1584.64,1.75,0.074,0.001
Haiti,North America,2024-08-04,11585003,34456.0,0.0,860.0,0.0,680104.0,3.16,2995.24,74.76,2.5,0.034,0.001
Honduras,North America,2024-08-04,10432858,472896.0,1.0,11114.0,0.0,17074861.0,56.11,45193.18,1062.13,2.35,0.473,0.011
Hong Kong,Asia,2024-08-10,7488863,,,,,21014839.0,90.85,,,,,
Hungary,Europe,2024-08-04,9967304,2230800.0,143.0,49053.0,0.0,16701238.0,62.28,230352.08,5065.21,2.2,2.231,0.049
Iceland,Europe,2024-08-04,372903,210374.0,27.0,186.0,0.0,805469.0,77.82,553080.2,489.0,0.09,0.21,0.0
India,Asia,2024-08-12,1417173120,45041748.0,313.0,533623.0,0.0,2206868000.0,67.18,31598.86,374.36,1.18,45.042,0.534
Indonesia,Asia,2024-08-04,275501344,6829399.0,46.0,162059.0,0.0,448199860.0,63.51,24493.01,581.21,2.37,6.829,0.162
Iran,Asia,2024-08-04,88550568,7627863.0,0.0,146837.0,0.0,155461757.0,66.16,85204.44,1640.19,1.93,7.628,0.147
Iraq,Asia,2024-08-04,44496124,2465545.0,0.0,25375.0,0.0,19557364.0,17.85,55945.4,575.78,1.03,2.466,0.025
Ireland,Europe,2024-08-04,5023108,1745088.0,761.0,9744.0,9.0,11148281.0,80.94,341503.62,1906.84,0.56,1.745,0.01
Isle of Man,Europe,2024-08-04,84534,38008.0,0.0,116.0,0.0,189994.0,79.38,451701.84,1378.59,0.31,0.038,0.0
Israel,Asia,2024-08-04,9449000,4841558.0,0.0,12707.0,0.0,18649248.0,65.19,531855.56,1395.89,0.26,4.842,0.013
Italy,Europe,2024-08-07,59037472,26781078.0,6350.0,197307.0,6.0,144608839.0,81.21,449202.94,3309.46,0.74,26.781,0.197
Jamaica,North America,2024-08-04,2827382,157181.0,12.0,3611.0,0.0,1528445.0,26.88,55361.97,1271.86,2.3,0.157,0.004
Japan,Asia,2024-08-04,123951696,33803572.0,0.0,74694.0,0.0,383747738.0,83.4,270433.8,597.56,0.22,33.804,0.075
Jersey,Europe,2024-08-04,110796,66391.0,0.0,161.0,0.0,266953.0,73.9,641502.3,1555.66,0.24,0.066,0.0
Jordan,Asia,2024-08-04,11285875,1746997.0,0.0,14122.0,0.0,10057975.0,40.39,155202.16,1254.59,0.81,1.747,0.014
Kazakhstan,Asia,2024-08-04,19397998,1504370.0,0.0,19072.0,0.0,38355605.0,54.79,75088.55,951.95,1.27,1.504,0.019
Kenya,Africa,2024-08-04,54027484,344106.0,0.0,5689.0,0.0,23750431.0,20.53,6342.68,104.86,1.65,0.344,0.006
Kiribati,Oceania,2024-08-04,131237,5085.0,0.0,24.0,0.0,219980.0,62.08,38971.19,183.94,0.47,0.005,0.0
Kosovo,Europe,2024-08-04,1782115,274279.0,0.0,3212.0,0.0,1837446.0,46.3,159654.83,1869.67,1.17,0.274,0.003
Kuwait,Asia,2024-08-04,4268886,667290.0,0.0,2570.0,0.0,8261221.0,78.39,145394.48,559.97,0.39,0.667,0.003
Kyrgyzstan,Asia,2024-08-04,6630621,88953.0,0.0,1024.0,0.0,3661335.0,21.2,12788.34,147.22,1.15,0.089,0.001
Laos,Asia,2024-08-04,7529477,219060.0,0.0,671.0,0.0,11111066.0,69.36,28980.0,88.77,0.31,0.219,0.001
Latvia,Europe,2024-08-04,1850654,977765.0,0.0,7475.0,0.0,2895716.0,70.57,519795.25,3973.83,0.76,0.978,0.007
Lebanon,Asia,2024-08-04,5489744,1239904.0,0.0,10947.0,0.0,5814699.0,43.98,215842.16,1905.65,0.88,1.24,0.011
Lesotho,Africa,2024-08-04,2305826,36138.0,0.0,709.0,0.0,1339097.0,40.68,15807.62,310.13,1.96,0.036,0.001
Liberia,Africa,2024-08-04,5302690,7930.0,0.0,294.0,0.0,4460668.0,70.36,1475.82,54.72,3.71,0.008,0.0
Libya,Africa,2024-08-04,6812344,507269.0,0.0,6437.0,0.0,3739158.0,18.15,70221.87,891.08,1.27,0.507,0.006
Liechtenstein,Europe,2024-08-04,39355,21588.0,0.0,89.0,0.0,74337.0,,548810.25,2262.56,0.41,0.022,0.0
Lithuania,Europe,2024-08-14,2750058,1369355.0,807.0,9810.0,0.0,4604865.0,68.4,486117.47,3482.52,0.72,1.369,0.01
Luxembourg,Europe,2024-08-04,647601,393542.0,190.0,1000.0,0.0,1374547.0,71.45,602376.2,1530.65,0.25,0.394,0.001
Macao,Asia,2023-04-13,695180,,,,,1802985.0,92.39,,,,,
Madagascar,Africa,2024-08-04,29611718,68567.0,0.0,1428.0,0.0,3092063.0,8.88,2252.73,46.92,2.08,0.069,0.001
Malawi,Africa,2024-08-04,20405318,89168.0,0.0,2686.0,0.0,8503954.0,21.01,4335.12,130.59,3.01,0.089,0.003
Malaysia,Asia,2024-08-14,33938216,5309410.0,1085.0,37351.0,0.0,72657288.0,81.18,153028.81,1076.54,0.7,5.309,0.037
Maldives,Asia,2024-08-04,523798,186694.0,0.0,316.0,0.0,951764.0,73.53,356207.4,602.92,0.17,0.187,0.0
Mali,Africa,2024-08-04,22593598,33166.0,0.0,743.0,0.0,5922585.0,16.08,1437.46,32.2,2.24,0.033,0.001
Malta,Europe,2024-08-04,533293,122796.0,80.0,922.0,1.0,1408793.0,88.43,232482.77,1745.57,0.75,0.123,0.001
Marshall Islands,Oceania,2024-08-04,41593,16297.0,0.0,17.0,0.0,,,406469.78,424.0,0.1,0.016,0.0
Martinique,North America,2024-08-04,367512,230354.0,0.0,1104.0,0.0,,,659169.44,3159.15,0.48,0.23,0.001
Mauritania,Africa,2024-08-04,4736146,63872.0,0.0,997.0,0.0,4075874.0,32.53,13100.22,204.49,1.56,0.064,0.001
Mauritius,Africa,2024-08-04,1299478,328167.0,0.0,1073.0,0.0,2616012.0,83.74,257157.16,840.82,0.33,0.328,0.001
Mayotte,Africa,2024-08-04,326113,42027.0,0.0,187.0,0.0,,,137667.97,612.56,0.44,0.042,0.0
Mexico,North America,2024-08-04,127504120,7619458.0,340.0,334551.0,0.0,223158993.0,64.19,59243.24,2601.22,4.39,7.619,0.335
Micronesia (country),Oceania,2024-08-04,114178,31765.0,0.0,65.0,0.0,,,283302.4,579.72,0.2,0.032,0.0
Moldova,Europe,2024-08-04,3272993,637520.0,743.0,12245.0,2.0,2293086.0,32.97,209711.42,4027.98,1.92,0.638,0.012
Monaco,Europe,2024-08-04,36491,17181.0,0.0,67.0,0.0,65140.0,70.34,441115.3,1720.2,0.39,0.017,0.0
Mongolia,Asia,2024-08-04,3398373,1011489.0,0.0,2136.0,0.0,5492919.0,64.02,298725.5,630.83,0.21,1.011,0.002
Montenegro,Europe,2024-08-04,627082,251280.0,0.0,2654.0,0.0,679171.0,45.43,408818.03,4317.9,1.06,0.251,0.003
Montserrat,North America,2024-08-04,4413,1403.0,0.0,8.0,0.0,4619.0,44.23,313449.5,1787.31,0.57,0.001,0.0
Morocco,Africa,2024-08-04,37457976,1279115.0,0.0,16305.0,0.0,55389602.0,62.8,34265.92,436.79,1.27,1.279,0.016
Mozambique,Africa,2024-08-04,32969520,233843.0,0.0,2252.0,0.0,34950858.0,64.7,7160.74,68.96,0.96,0.234,0.002
Myanmar,Asia,2024-08-04,54179312,642885.0,26.0,19494.0,0.0,93477104.0,66.33,11959.14,362.63,3.03,0.643,0.019
Namibia,Africa,2024-08-04,2567024,172533.0,0.0,4108.0,0.0,1005937.0,21.46,59706.86,1421.62,2.38,0.173,0.004
Nauru,Oceania,2024-08-04,12691,5393.0,0.0,1.0,0.0,32157.0,89.4,456221.97,84.6,0.02,0.005,0.0
Nepal,Asia,2024-08-04,30547586,1003450.0,0.0,12031.0,0.0,62627629.0,80.11,33768.65,404.87,1.2,1.003,0.012
Netherlands,Europe,2024-08-04,17564020,8640008.0,383.0,22986.0,0.0,39764182.0,67.0,482562.8,1283.82,0.27,8.64,0.023
New Caledonia,Oceania,2024-08-04,289959,80163.0,0.0,314.0,0.0,480702.0,63.74,279186.16,1093.58,0.39,0.08,0.0
New Zealand,Oceania,2024-08-11,5185289,2639048.0,1730.0,4284.0,16.0,13398398.0,82.77,514260.6,834.81,0.16,2.639,0.004
Nicaragua,North America,2024-08-04,6948395,16185.0,2.0,245.0,0.0,15507763.0,88.17,2404.67,36.4,1.51,0.016,0.0
Niger,Africa,2024-08-04,26207982,9518.0,0.0,315.0,0.0,7372208.0,20.92,376.03,12.44,3.31,0.01,0.0
Nigeria,Africa,2024-08-04,218541216,267188.0,0.0,3155.0,0.0,133048021.0,37.2,1197.34,14.14,1.18,0.267,0.003
Niue,Oceania,2024-08-04,1952,1074.0,0.0,0.0,0.0,4923.0,83.76,582429.5,0.0,0.0,0.001,0.0
North Korea,Asia,2024-08-04,26069416,0.0,0.0,0.0,0.0,,,0.0,0.0,,0.0,0.0
North Macedonia,Europe,2024-08-04,2093606,350924.0,116.0,9978.0,0.0,1862987.0,40.04,190695.11,5422.13,2.84,0.351,0.01
Northern Cyprus,Asia,2022-12-06,382836,,,,,861519.0,81.78,,,,,
Northern Ireland,Europe,2023-12-11,1896000,,,,,4600649.0,71.78,,,,,
Northern Mariana Islands,Oceania,2024-08-04,49574,14912.0,31.0,41.0,0.0,,,323463.7,889.35,0.27,0.015,0.0
Norway,Europe,2024-08-04,5434324,1512647.0,745.0,5732.0,0.0,12145560.0,74.61,277204.28,1050.43,0.38,1.513,0.006
Oman,Asia,2024-08-04,4576300,399449.0,0.0,4628.0,0.0,7108547.0,66.62,84446.06,978.39,1.16,0.399,0.005
Pakistan,Asia,2024-08-04,235824864,1580631.0,0.0,30656.0,0.0,340974144.0,59.57,6485.95,125.79,1.94,1.581,0.031
Palau,Oceania,2024-08-04,18084,6372.0,0.0,10.0,0.0,,,358299.6,562.3,0.16,0.006,0.0
Palestine,Asia,2024-08-04,5250076,703228.0,0.0,5708.0,0.0,3748571.0,33.85,132552.62,1075.91,0.81,0.703,0.006
Panama,North America,2024-08-04,4408582,1044821.0,0.0,8748.0,0.0,8893001.0,72.0,237417.66,1987.83,0.84,1.045,0.009
Papua New Guinea,Oceania,2024-08-04,10142625,46864.0,0.0,670.0,0.0,737695.0,3.17,4593.08,65.67,1.43,0.047,0.001
Paraguay,South America,2024-08-04,6780745,735759.0,0.0,19880.0,0.0,9745545.0,52.31,108832.66,2940.63,2.7,0.736,0.02
Peru,South America,2024-08-04,34049588,4526977.0,0.0,220975.0,0.0,91412580.0,84.32,135232.81,6601.11,4.88,4.527,0.221
Philippines,Asia,2024-08-04,115559008,4140383.0,0.0,66864.0,0.0,189317158.0,67.88,36330.51,586.71,1.61,4.14,0.067
Pitcairn,Oceania,2024-08-04,47,4.0,0.0,0.0,0.0,117.0,100.0,88888.89,0.0,0.0,0.0,0.0
Poland,Europe,2024-08-04,39857144,6670799.0,2463.0,120726.0,4.0,58032403.0,56.83,173783.28,3145.08,1.81,6.671,0.121
Portugal,Europe,2024-08-04,10270857,5664109.0,1055.0,28809.0,50.0,28314797.0,86.75,543733.1,2765.56,0.51,5.664,0.029
Puerto Rico,North America,2024-08-04,3252412,1252713.0,0.0,5938.0,0.0,,,386523.97,1832.17,0.47,1.253,0.006
Qatar,Asia,2024-08-04,2695131,514524.0,0.0,690.0,0.0,7609178.0,105.83,177884.27,238.55,0.13,0.515,0.001
Reunion,Africa,2024-08-04,974062,494595.0,0.0,921.0,0.0,,,567494.2,1056.75,0.19,0.495,0.001
Romania,Europe,2024-08-04,19659270,3541619.0,4633.0,68825.0,6.0,16827486.0,41.28,184779.06,3590.85,1.94,3.542,0.069
Russia,Europe,2024-08-04,144713312,24268728.0,7777.0,403188.0,10.0,187374508.0,55.08,166703.84,2769.53,1.66,24.269,0.403
Rwanda,Africa,2024-08-04,13776702,133264.0,0.0,1468.0,0.0,27322059.0,75.49,9762.2,107.54,1.1,0.133,0.001
Saint Barthelemy,North America,2024-08-04,10994,5507.0,0.0,5.0,0.0,,,503014.25,456.7,0.09,0.006,0.0
Saint Helena,Africa,2024-08-04,5401,2166.0,0.0,0.0,0.0,7892.0,65.38,403427.1,0.0,0.0,0.002,0.0
Saint Kitts and Nevis,North America,2024-08-04,47681,6607.0,0.0,46.0,0.0,64297.0,56.63,141383.66,984.36,0.7,0.007,0.0
Saint Lucia,North America,2024-08-04,179872,30282.0,0.0,410.0,0.0,122977.0,30.56,169368.1,2293.14,1.35,0.03,0.0
Saint Martin (French part),North America,2024-08-04,31816,12324.0,0.0,46.0,0.0,,,426465.5,1591.81,0.37,0.012,0.0
Saint Pierre and Miquelon,North America,2024-08-04,5885,3426.0,0.0,2.0,0.0,,,594791.7,347.22,0.06,0.003,0.0
Saint Vincent and the Grenadines,North America,2024-08-04,103959,9674.0,0.0,124.0,0.0,73443.0,30.43,94785.52,1214.95,1.28,0.01,0.0
Samoa,Oceania,2024-08-04,222390,17057.0,0.0,31.0,0.0,453083.0,80.02,79235.75,144.01,0.18,0.017,0.0
San Marino,Europe,2024-08-04,33690,25292.0,0.0,126.0,0.0,69338.0,70.15,741418.25,3693.61,0.5,0.025,0.0
Sao Tome and Principe,Africa,2024-08-04,227393,6771.0,0.0,80.0,0.0,263863.0,49.25,29918.74,353.49,1.18,0.007,0.0
Saudi Arabia,Asia,2024-08-04,36408824,841469.0,0.0,9646.0,0.0,68534631.0,69.86,26152.6,299.8,1.15,0.841,0.01
Scotland,Europe,2023-10-02,5466000,,,,,13014285.0,78.41,,,,,
Senegal,Africa,2024-08-04,17316452,89485.0,0.0,1971.0,0.0,3179647.0,8.93,5069.66,111.66,2.2,0.089,0.002
Serbia,Europe,2024-08-04,6871547,2583470.0,0.0,18057.0,0.0,8534688.0,47.71,380413.34,2658.88,0.7,2.583,0.018
Seychelles,Africa,2024-08-04,107135,51886.0,0.0,172.0,0.0,224558.0,78.0,413328.88,1370.17,0.33,0.052,0.0
Sierra Leone,Africa,2024-08-04,8605723,7979.0,0.0,125.0,0.0,9155936.0,57.66,964.02,15.1,1.57,0.008,0.0
Singapore,Asia,2024-08-04,5637022,3006155.0,0.0,2024.0,0.0,14727569.0,90.85,532073.56,358.24,0.07,3.006,0.002
Sint Maarten (Dutch part),North America,2024-08-04,44192,11051.0,0.0,92.0,0.0,66829.0,60.58,262101.84,2182.01,0.83,0.011,0.0
Slovakia,Europe,2024-08-04,5643455,1878002.0,61.0,21227.0,1.0,5754313.0,45.68,343127.25,3878.36,1.13,1.878,0.021
Slovenia,Europe,2024-08-04,2119843,1356582.0,148.0,10083.0,4.0,2996643.0,57.66,641340.2,4766.86,0.74,1.357,0.01
Solomon Islands,Oceania,2024-08-04,724272,25954.0,0.0,199.0,0.0,625956.0,35.12,33228.56,254.78,0.77,0.026,0.0
Somalia,Africa,2024-08-04,17597508,27334.0,0.0,1361.0,0.0,10555834.0,43.57,1535.46,76.45,4.98,0.027,0.001
South Africa,Africa,2024-08-04,59893884,4072765.0,0.0,102595.0,0.0,41798812.0,35.13,65291.25,1644.72,2.52,4.073,0.103
South Korea,Asia,2024-08-04,51815808,34571873.0,0.0,35934.0,0.0,129647782.0,85.64,667636.06,693.94,0.1,34.572,0.036
South Sudan,Africa,2024-08-04,10913172,18823.0,0.0,147.0,0.0,4365547.0,39.16,1707.89,13.34,0.78,0.019,0.0
Spain,Europe,2024-08-04,47558632,13980340.0,0.0,121852.0,0.0,105840320.0,85.66,292302.16,2547.69,0.87,13.98,0.122
Sri Lanka,Asia,2024-08-04,21832150,672798.0,1.0,16907.0,0.0,40116590.0,67.57,29463.5,740.4,2.51,0.673,0.017
Sudan,Africa,2024-08-04,46874200,63993.0,0.0,5046.0,0.0,22598737.0,28.62,1295.84,102.18,7.89,0.064,0.005
Suriname,South America,2024-08-04,618046,82501.0,0.0,1406.0,0.0,505699.0,38.49,132388.6,2256.2,1.7,0.083,0.001
Sweden,Europe,2024-08-04,10549349,2755181.0,630.0,27399.0,28.0,28312817.0,71.98,262715.12,2612.58,0.99,2.755,0.027
Switzerland,Europe,2024-08-04,8740471,4457868.0,426.0,14170.0,0.0,16940716.0,,507026.47,1611.66,0.32,4.458,0.014
Syria,Asia,2024-08-04,22125242,57423.0,0.0,3163.0,0.0,5090630.0,10.66,2556.43,140.82,5.51,0.057,0.003
Taiwan,Asia,2023-09-24,23893396,,,,,68158988.0,87.02,,,,,
Tajikistan,Asia,2024-08-04,9952789,17786.0,0.0,125.0,0.0,20568163.0,52.17,1746.77,12.28,0.7,0.018,0.0
Tanzania,Africa,2024-08-04,65497752,43230.0,0.0,846.0,0.0,39392419.0,49.11,668.04,13.07,1.96,0.043,0.001
Thailand,Asia,2024-08-04,71697024,4799180.0,560.0,34715.0,1.0,142635014.0,74.6,66901.21,483.93,0.72,4.799,0.035
Togo,Africa,2024-08-04,8848700,39530.0,0.0,290.0,0.0,3423181.0,17.56,4348.86,31.9,0.73,0.04,0.0
Tokelau,Oceania,2024-08-04,1893,80.0,0.0,0.0,0.0,5374.0,116.38,34602.07,0.0,0.0,0.0,0.0
Tonga,Oceania,2024-08-04,106867,16976.0,0.0,12.0,0.0,203208.0,72.39,161594.62,114.23,0.07,0.017,0.0
Trinidad and Tobago,North America,2024-08-04,1531043,191496.0,0.0,4390.0,0.0,1580898.0,46.82,128012.02,2934.64,2.29,0.191,0.004
Tunisia,Africa,2024-08-04,12356116,1153361.0,0.0,29423.0,0.0,13253317.0,51.81,95167.02,2427.77,2.55,1.153,0.029
Turkey,Asia,2024-08-04,85341248,17004718.0,0.0,101419.0,0.0,152543341.0,62.31,195325.25,1164.95,0.6,17.005,0.101
Turkmenistan,Asia,2024-08-04,6430777,0.0,0.0,0.0,0.0,16775970.0,71.05,0.0,0.0,,0.0,0.0
Turks and Caicos Islands,North America,2024-08-04,45726,6805.0,0.0,40.0,0.0,73907.0,67.16,148357.28,872.05,0.59,0.007,0.0
Tuvalu,Oceania,2024-08-04,11335,2943.0,0.0,1.0,0.0,26783.0,83.86,293947.25,99.88,0.03,0.003,0.0
Uganda,Africa,2024-08-04,47249588,172154.0,0.0,3632.0,0.0,26406936.0,27.64,3638.64,76.77,2.11,0.172,0.004
Ukraine,Europe,2024-08-04,39701744,5532777.0,171.0,109920.0,0.0,35735488.0,39.65,134785.47,2677.79,1.99,5.533,0.11
United Arab Emirates,Asia,2024-08-04,9441138,1067030.0,0.0,2349.0,0.0,24922054.0,103.72,104180.94,229.35,0.22,1.067,0.002
United Kingdom,Europe,2024-08-04,67508936,24974629.0,3400.0,232112.0,0.0,151248820.0,75.19,366308.0,3404.43,0.93,24.975,0.232
United States,North America,2024-08-04,338289856,103436829.0,0.0,1193165.0,619.0,676728782.0,69.47,302859.5,3493.55,1.15,103.437,1.193
United States Virgin Islands,North America,2024-08-04,99479,25389.0,0.0,132.0,0.0,,,293443.22,1525.64,0.52,0.025,0.0
Uruguay,South America,2024-08-04,3422796,1041346.0,15.0,7682.0,0.0,9036273.0,84.82,307099.0,2265.47,0.74,1.041,0.008
Uzbekistan,Asia,2024-08-04,34627648,175081.0,0.0,1016.0,0.0,83937954.0,53.29,5011.05,29.08,0.58,0.175,0.001
Vanuatu,Oceania,2024-08-04,326744,12019.0,0.0,14.0,0.0,366638.0,49.66,38391.76,44.72,0.12,0.012,0.0
Vatican,Europe,2024-08-04,808,26.0,0.0,0.0,0.0,,,50682.26,0.0,0.0,0.0,0.0
Venezuela,South America,2024-08-04,28301700,552695.0,0.0,5856.0,0.0,37860994.0,52.88,19590.07,207.56,1.06,0.553,0.006
Vietnam,Asia,2024-08-04,98186856,11624000.0,0.0,43206.0,0.0,266492149.0,87.55,116612.4,433.44,0.37,11.624,0.043
Wales,Europe,2023-07-12,3170000,,,,,8932482.0,78.14,,,,,
Wallis and Futuna,Oceania,2024-08-04,11596,3760.0,0.0,9.0,0.0,18058.0,58.67,326928.1,782.54,0.24,0.004,0.0
Western Sahara,Africa,2022-04-20,576005,,,,,,,,,,,
Yemen,Asia,2024-08-04,33696612,11945.0,0.0,2159.0,0.0,1298654.0,2.4,312.51,56.48,18.07,0.012,0.002
Zambia,Africa,2024-08-04,20017670,349842.0,18.0,4077.0,0.0,13454213.0,46.03,17359.36,202.3,1.17,0.35,0.004
Zimbabwe,Africa,2024-08-04,16320539,266386.0,0.0,5740.0,0.0,12222754.0,29.11,16577.57,357.21,2.15,0.266,0.006
